Fit Statistic,Mean,SE,Minimum,Maximum,Percentile 5,Percentile 10,Percentile 25,Percentile 50,Percentile 75,Percentile 90,Percentile 95
Stationary R-squared,-7.143694405727411,0,-7.143694405727411,-7.143694405727411,-7.143694405727411,-7.143694405727411,-7.143694405727411,-7.143694405727411,-7.143694405727411,-7.143694405727411,-7.143694405727411
R-squared,-7.143694405727411,0,-7.143694405727411,-7.143694405727411,-7.143694405727411,-7.143694405727411,-7.143694405727411,-7.143694405727411,-7.143694405727411,-7.143694405727411,-7.143694405727411
RMSE,0.8824830219643279,0,0.8824830219643279,0.8824830219643279,0.8824830219643279,0.8824830219643279,0.8824830219643279,0.8824830219643279,0.8824830219643279,0.8824830219643279,0.8824830219643279
MAPE,48.61827155932828,0,48.61827155932828,48.61827155932828,48.61827155932828,48.61827155932828,48.61827155932828,48.61827155932828,48.61827155932828,48.61827155932828,48.61827155932828
MaxAPE,112.9025477184682,0,112.9025477184682,112.9025477184682,112.9025477184682,112.9025477184682,112.9025477184682,112.9025477184682,112.9025477184682,112.9025477184682,112.9025477184682
MAE,0.7902761691443374,0,0.7902761691443374,0.7902761691443374,0.7902761691443374,0.7902761691443374,0.7902761691443374,0.7902761691443374,0.7902761691443374,0.7902761691443374,0.7902761691443374
MaxAE,1.4575718910454243,0,1.4575718910454243,1.4575718910454243,1.4575718910454243,1.4575718910454243,1.4575718910454243,1.4575718910454243,1.4575718910454243,1.4575718910454243,1.4575718910454243
Normalized BIC,0.6096059480450032,0,0.6096059480450032,0.6096059480450032,0.6096059480450032,0.6096059480450032,0.6096059480450032,0.6096059480450032,0.6096059480450032,0.6096059480450032,0.6096059480450032
